Opportunity ID,Opportunity Name,Store Address,Store City,Store State,Store Zip,DD Deep Link
0063i0000075JaH,Saskatoon - Greenville (SC),681 Halton Road,Greenville,SC,29607,https://www.doordash.com/store/995061/?utm_source=partner-link&utm_medium=website&utm_campaign=995061
0063i0000079nA5,Rachel's Kitchen - Las Vegas (Trailwood Dr),"9691 Trailwood Dr, #105",Las Vegas,NV,89134,https://www.doordash.com/store/1008012/?utm_source=partner-link&utm_medium=website&utm_campaign=1008012
0063i000007A1tD,Pokeworks (Mongolian Hot Pot) - San Diego (Clairemont Mesa Blvd),4718 Clairemont Mesa Blvd,San Diego,CA,92117,https://www.doordash.com/store/wow-bao-san-diego-1025484/
0063i00000BDOAx,REEF Kitchens - Austin (AUS13),1805 Airport Blvd,Austin,TX,78072,https://www.doordash.com/store/wow-bao-austin-1127247/en-US
0063i000007CRO5,The Midtowner - Hattiesburg (MS),3000 Hardy St,Hattiesburg,MS,39401,https://www.doordash.com/store/wow-bao-hattiesburg-1044374/en-US?utm_campaign=1044374&utm_medium=website&utm_source=partner-link
0063i000005bdDb,REEF Kitchens - Miami (MIA07),12884 SW 87th Ave,Miami,FL,33176,https://doordash.com/store/1127228/?utm_campaign=1127228&utm_medium=website&utm_source=partner-link
0063i000007Acu0,REEF Kitchens - Nashville (NSH02),607 14th Ave N,Nashville,TN,37203,https://doordash.com/store/1127234/?utm_campaign=1127234&utm_medium=website&utm_source=partner-link
0063i000007At3j,REEF Kitchens - Houston (HOU14),1140 Rothwell St,Houston,TX,77002,https://doordash.com/store/1127225/?utm_campaign=1127225&utm_medium=website&utm_source=partner-link
0063i000007BQ5g,Sizzler - Nampa (ID),501 Caldwell Blvd,Nampa,ID,83651,https://www.doordash.com/en-CA/store/wow-bao-nampa-1099046
0063i000007B98F,REEF Kitchens - Minneapolis (MIN12),217 W Broadway Ave,Minneapolis,MN,55411,https://doordash.com/store/1127268/?utm_campaign=1127268&utm_medium=website&utm_source=partner-link
0063i000007BDu4,Ruby Tuesday - Clinton Crossing (MD),8881 Branch Avenue,Clinton,MD,20735,https://www.doordash.com/store/wow-bao-clinton-1085929/
0063i000007ActR,REEF Kitchens - Los Angeles (LAX04),11411 Chandler Blvd,North Hollywood,CA,91601,https://doordash.com/store/1127264/?utm_campaign=1127264&utm_medium=website&utm_source=partner-link
0063i000007BCUn,Fuel Pizza - K Street (Washington DC),1606 K Street NW,Washington,DC,20006,https://www.doordash.com/store/1207484/?utm_source=partner-link&utm_medium=website&utm_campaign=1207484
0063i000007B97W,REEF Kitchens - Los Angeles (LAX03),719 E. 9th Street,Los Angeles,CA,90021,https://doordash.com/store/1127237/?utm_campaign=1127237&utm_medium=website&utm_source=partner-link
0063i00000DvK9N,REEF Kitchens - Roswell (ATL51),1575 Old Alabama Road,Roswell,GA,30076,https://www.doordash.com/store/wow-bao-roswell-1751545/
0063i0000079iUs,REEF Kitchens - Minneapolis (MIN02),429 Wabasha St S,Saint Paul,MN,55107,https://doordash.com/store/1127267/?utm_campaign=1127267&utm_medium=website&utm_source=partner-link
0063i0000079iOD,REEF Kitchens - Miami (MIA17),15 NE 3rd St,Fort Lauderdale,FL,33301,https://doordash.com/store/1127243/?utm_campaign=1127243&utm_medium=website&utm_source=partner-link
0063i0000079jAK,Sizzling Platter - Twin Falls (ID),719 Blue Lakes Blvd N,Twin Falls,ID,83301,https://www.doordash.com/store/1030308/?utm_source=partner-link&utm_medium=website&utm_campaign=1030308
0063i0000079uPv,Pokeworks (Shabu) - San Diego (Mira Mesa Blvd),9841 Mira Mesa Blvd,San Diego,CA,92131,https://www.doordash.com/store/1025534/?utm_source=partner-link&utm_medium=website&utm_campaign=1025534
0063i000007At3P,REEF Kitchens - Austin (AUS02),9433 Parkfield Dr,Austin,TX,78758,https://doordash.com/store/1127254/?utm_campaign=1127254&utm_medium=website&utm_source=partner-link
0063i000007AHCX,REEF Kitchens - Houston (HOU06),401 W Dallas ST,Houston,TX,77002,https://doordash.com/store/1127251/?utm_campaign=1127251&utm_medium=website&utm_source=partner-link
0063i000009CDwY,The Vanguard - South Harrison (NJ),705 Frank E. Rodgers Blvd S,South Harrison,NJ,07029,https://www.doordash.com/store/1369306/?utm_source=partner-link&utm_medium=website&utm_campaign=1369306
0063i000009CGK4,Fired Pie - Northsight (AZ),14740 N Northsight Blvd Suite 100,Scottsdale,AZ,85260,https://www.doordash.com/store/1357011/en-US/?utm_source=partner-link&utm_medium=website&utm_campaign=1357011
0063i000009CpiQ,"Fazoli's - Emerson Ave, Indianapolis (IN)",4742 Emerson Ave,Indianapolis,IN,46203,https://www.doordash.com/store/wow-bao-indianapolis-1367135/en-US?utm_campaign=1367135&utm_medium=website&utm_source=partner-link
0063i000009Cpif,Fazoli's - Terre Haute (IN),2940 S 3rd St,Terre Haute,IN,47802,https://www.doordash.com/store/wow-bao-terre-haute-1367157/en-US?utm_campaign=1367157&utm_medium=website&utm_source=partner-link
0063i0000079yFW,Honey Baked Ham - St Augustine (FL),333 S Ponce De Leon Blvd,St Augustine,FL,32084,https://www.doordash.com/store/1034436/?utm_source=partner-link&utm_medium=website&utm_campaign=1034436
0063i000007AHDB,REEF Kitchens - Houston (HOU10),2950 N Loop W,Houston,TX,77092,https://doordash.com/store/1127227/?utm_campaign=1127227&utm_medium=website&utm_source=partner-link
0063i000007At3o,REEF Kitchens - Houston (HOU15),6106-6194 Hwy 6 N,Houston,TX,77084,https://doordash.com/store/1127238/?utm_campaign=1127238&utm_medium=website&utm_source=partner-link
0063i000007At4r,REEF Kitchens - Brooklyn (NYC13),250 6th Street,Brooklyn,NY,11215,https://doordash.com/store/1629193/?utm_campaign=1629193&utm_medium=website&utm_source=partner-link
0063i000007Av49,Sizzling Platter - West Valley City (UT),3429 South Redwood Road,West Valley City,UT,84119,https://www.doordash.com/store/wow-bao-west-valley-city-1058175/en-US?utm_campaign=1058175&utm_medium=website&utm_source=partner-link
0063i000007At5L,REEF Kitchens - Seattle (SEA03),3601 Fremont Ave N,Seattle,WA,98103,https://doordash.com/store/1127262/?utm_campaign=1127262&utm_medium=website&utm_source=partner-link
0063i000007AcrN,Rachel's Kitchen - Las Vegas (Durango Dr),7010 N. Durango Dr #140,Las Vegas,NV,89149,https://www.doordash.com/store/1061629/?utm_source=partner-link&utm_medium=website&utm_campaign=1061629
0063i000007AaGz,Lulu's - Kansas City (MO),2701 W 47th Ave,Kansas City,MO,66205,https://www.doordash.com/en-CA/store/1585851/?utm_source=partner-link&utm_medium=website&utm_campaign=1585851
0063i000009BlQx,REEF Kitchens - New York City (NYC01),5302 11th St.,Queens,NY,11101,https://doordash.com/store/1255051/?utm_campaign=1255051&utm_medium=website&utm_source=partner-link
0063i000007Actg,REEF Kitchens - Portland (POR02),2045 NW Pettygrove St,Portland,OR,97209,https://doordash.com/store/1127271/?utm_campaign=1127271&utm_medium=website&utm_source=partner-link
0063i000007Bdut,REEF Kitchens - Los Angeles (LAX21),7038 Sunset Blvd,Los Angeles,CA,90028,https://doordash.com/store/1127252/?utm_campaign=1127252&utm_medium=website&utm_source=partner-link
0063i000007Cm4Y,Fuel Pizza - Charlotte (NC),500 S College St,Charlotte,NC,28202,https://www.doordash.com/store/1201701/?utm_source=partner-link&utm_medium=website&utm_campaign=1201701
0063i000007D93Z,REEF Kitchens - Seattle (SEA07),8507 14th Ave S,Seattle,WA,98108,https://doordash.com/store/1322314/?utm_campaign=1322314&utm_medium=website&utm_source=partner-link
0063i000007BRBD,Sizzling Platter - South Jordan (UT),"11610 S, District Main Dr",South Jordan,UT,84095,https://www.doordash.com/store/1091515/?utm_source=partner-link&utm_medium=website&utm_campaign=1091515
0063i000007BRA6,Sizzling Platter - Logan (UT),1165 Main St,Logan,UT,84321,https://www.doordash.com/store/1091537/?utm_source=partner-link&utm_medium=website&utm_campaign=1091537
0063i000007CZdi,REEF Kitchens - Dallas (DAL01),2210 Butler St,Dallas,TX,75235,https://doordash.com/store/1202035/?utm_campaign=1202035&utm_medium=website&utm_source=partner-link
0063i000007At5Q,REEF Kitchens - Arlington (WAS03),1415 N Danville St,Arlington,VA,22201,https://doordash.com/store/1127250/?utm_campaign=1127250&utm_medium=website&utm_source=partner-link
0063i000007BoKz,Di Pescara - Northbrook (IL),2124 Northbrook Ct,Northbrook,IL,60062,https://www.doordash.com/store/1137254/?utm_source=partner-link&utm_medium=website&utm_campaign=1137254
0063i000007BjRL,"SushiYAA - Pacific Ave, Dallas (TX)",1700 Pacific Ave c111,Dallas,TX,75201,https://www.doordash.com/store/wow-bao-dallas-1129541/en-US?utm_campaign=1129541&utm_medium=website&utm_source=partner-link
0063i000005bOKN,REEF Kitchens - Los Angeles (LAX02),1200 W. Olympic Blvd,Los Angeles,CA,90015,https://doordash.com/store/1127270/?utm_campaign=1127270&utm_medium=website&utm_source=partner-link
0063i000009EDs9,KUSSHI SUSHI - Bethesda (MD),11826 Trade St N.,Bethesda,MD,20852,https://www.doordash.com/store/1559958/?utm_source=partner-link&utm_medium=website&utm_campaign=1559958
0063i000009EEYV,Sizzler - Fountain Valley (CA),9480 Warner Ave,Fountain Valley,CA,92708,https://www.doordash.com/en-CA/store/wow-bao-fountain-valley-1465731
0063i000009CPjq,Sizzler - Torrance (CA),17544 Hawthorne Blvd,Torrance,CA,90504,https://www.doordash.com/store/1301583/?utm_source=partner-link&utm_medium=website&utm_campaign=1301583
0063i000007CWdy,REEF Kitchens - Baltimore (BAL04),7 S Eden St,Baltimore,MD,21231,https://doordash.com/store/1223290/?utm_campaign=1223290&utm_medium=website&utm_source=partner-link
0063i000007BDuK,Ruby Tuesday - Prince William Pkwy (VA),12721 Marblestone Drive,Woodbridge,VA,22192,https://www.doordash.com/store/wow-bao-woodbridge-1085917/
0063i000007Cgli,JOES LLC dba Sizzler - Tacoma (WA),10204 S. Tacoma Way,Tacoma,WA,98499,https://www.doordash.com/en-CA/store/wow-bao-lakewood-1209439
0063i000007BDuF,Ruby Tuesday - Inglewood (MD),9680 Lottsford CT,Upper Marlboro,MD,20774,https://www.doordash.com/store/wow-bao-upper-marlboro-1085893/
0063i000007D96i,"Fazoli's - Avon, IN",7930 E US-36,Avon,IN,46123,https://www.doordash.com/store/wow-bao-avon-1256254/en-US
0063i000009CuWS,Sizzler - Auburn (CA),13570 Lincoln Way,Auburn,CA,95603,https://www.doordash.com/store/1333276/?utm_source=partner-link&utm_medium=website&utm_campaign=1333276
0063i000007Cm52,Harvest Kitchen - Upper West Side (NY),269 Columbus Ave,New York,NY,10023,https://www.doordash.com/store/1207961/?utm_source=partner-link&utm_medium=website&utm_campaign=1207961
0063i000009Caec,REEF Kitchens - Chicago (CHI10),246 N California Ave.,Chicago,IL,60612,https://doordash.com/store/1322386/?utm_campaign=1322386&utm_medium=website&utm_source=partner-link
0063i000007D97V,"Fazoli's - Moraine, OH",5230 Cobblegate Dr,Moraine,OH,45439,https://www.doordash.com/store/wow-bao-moraine-1256187/1818455/en-US/?preview=1
0063i000007D97f,"Fazoli's - Huber Heights, OH",8341 Old Troy Pike,Huber Heights,OH,45424,https://www.doordash.com/store/wow-bao-huber-heights-1256266/1818456/en-US/?preview=1
0063i000009CphX,Fazoli's - Carmel (IN),465 E Carmel Dr,Carmel,IN,46032,https://www.doordash.com/store/1367023/en-US/?utm_source=partner-link&utm_medium=website&utm_campaign=1367023
0063i000009Cpl6,"Fazoli's - Nicholasville Road, Lexington (KY)",2200 Nicholasville Road,Lexington,KY,40503,https://www.doordash.com/store/wow-bao-lexington-1362165/en-US?utm_campaign=1362165&utm_medium=website&utm_source=partner-link
0063i000009DQ0s,Chipper's Horsetooth Lanes - Ft Collins (CO),217 W Horsetooth Rd,Ft Collins,CO,80525,https://www.doordash.com/store/1464664/en-US/?utm_source=partner-link&utm_medium=website&utm_campaign=1464664
0063i000009DQ0t,Chipper's Estes Park Lanes - Estes Park (CO),555 S St Vrain,Estes Park,CO,80517,https://www.doordash.com/en-CA/store/wow-bao---east-ray-rd--estes-park-1461859/?utm_campaign=1461859&utm_medium=website&utm_source=partner-link
0063i000009Cpka,"Fazoli's - Madison Ave, Indianapolis (IN)",8401 S. Madison Avenue,Indianapolis,IN,46227,https://www.doordash.com/store/wow-bao-indianapolis-1366639/en-US?utm_campaign=1366639&utm_medium=website&utm_source=partner-link
0063i000007BjRp,SushiYAA - Garland (TX),520 Shepherd Dr #6,Garland,TX,75042,https://www.doordash.com/store/1129538/?utm_source=partner-link&utm_medium=website&utm_campaign=1129538
0063i000009Cpj9,"Fazoli's - 86th Street, Indianapolis (IN)",2374 W 86th St,Indianapolis,IN,46260,https://www.doordash.com/store/wow-bao-indianapolis-1362134/en-US?utm_campaign=1362134&utm_medium=website&utm_source=partner-link
0063i000009DQpu,REEF Kitchens - Baltimore (BAL08),1511 Joh Ave,Baltimore,MD,21227,https://doordash.com/store/1451049/?utm_campaign=1451049&utm_medium=website&utm_source=partner-link
0063i000009Ec0U,Sizzler - West Covina (CA),1100 West Covina Parkway,West Covina,CA,91790,https://www.doordash.com/en-CA/store/wow-bao-west-covina-1486525
0063i000009Ec0V,Sizzler - Ontario (CA),2228 S. Mountain Avenue,Ontario,CA,91762,https://www.doordash.com/en-CA/store/wow-bao-ontario-1486571
0063i000009EihB,Fazoli's - Battle Creek (MI),5445 Beckley Road,Battle Creek,MI,49015,https://www.doordash.com/store/wow-bao-battle-creek-1496735/en-US
0063i000009Dyv3,Fazoli's - Paducah (KY),2935 New Holt Rd,Paducah,KY,42001,https://www.doordash.com/store/wow-bao-paducah-1496195/en-US
0063i000009DxPO,Ruby Tuesday - Middletown (DE),474 West Main St,Middletown,DE,19709,https://www.doordash.com/store/wow-bao-middletown-1413104/
0063i000009DynP,Fazoli's - Evansville (IN),899 N. Green River Rd,Evansville,IN,47715,https://www.doordash.com/store/wow-bao-evansville-1496690/en-US
0063i000009Dyvk,Fazoli's - Walker (MI),2521 Alpine Ave,Walker,MI,49544,https://www.doordash.com/store/1497462/?utm_source=partner-link&utm_medium=website&utm_campaign=1497462
0063i000009CUY8,REEF Kitchens - Chicago (CHI12),4229 N. Pulaski Road,Chicago,IL,60641,https://doordash.com/store/1322181/?utm_campaign=1322181&utm_medium=website&utm_source=partner-link
0063i000009Eo6p,Richie's Real American Diner - Rancho Cucamonga (CA),8039 Monet Ave.,Rancho Cucamonga,CA,91739,https://www.doordash.com/store/1498415/?utm_source=partner-link&utm_medium=website&utm_campaign=1498415
0063i000009DgXS,Southern Charred,510 Glenwood Ave Ste 101,Raleigh,NC,27603,https://www.doordash.com/store/1461839/?utm_source=partner-link&utm_medium=website&utm_campaign=1461839
0063i000009E3G1,Good Time Charley's - Ann Arbor (MI),1140 S University Ave,Ann Arbor,MI,48104,https://www.doordash.com/store/1522809/en-US/?utm_source=partner-link&utm_medium=website&utm_campaign=1522809
0063i000009FUFK,"Sizzler - Mount Vernon, Bakersfield (CA)",2650 Mount Vernon Ave,Bakersfield,CA,93306,https://www.doordash.com/store/1543960/?utm_source=partner-link&utm_medium=website&utm_campaign=1543960
0063i000009EmyN,Fazoli's - Knoxville (TN),9515 Kingston Pike,Knoxville,TN,37922,https://www.doordash.com/store/1712738/?utm_source=partner-link&utm_medium=website&utm_campaign=1712738
0063i000009Dfjx,Courtyard by Marriott - Madison (WI),2502 Crossroads Dr.,Madison,WI,53718,https://www.doordash.com/store/1476365/?utm_source=partner-link&utm_medium=website&utm_campaign=1476365
0063i00000BDOFb,REEF Kitchens - Denver (DEN04),13801 Grant St,Thornton,CO,80023,https://doordash.com/store/1562608/?utm_campaign=1562608&utm_medium=website&utm_source=partner-link
0063i00000BDOD1,REEF Kitchens - Baltimore (BAL12),6817 Belair Rd.,Baltimore,MD,21206,https://doordash.com/store/1629178/?utm_campaign=1629178&utm_medium=website&utm_source=partner-link
0063i00000BDOD2,REEF Kitchens - Nashville (NSH16),3004 Ambrose Ave,Nashville,TN,37207,https://doordash.com/store/1525755/?utm_campaign=1525755&utm_medium=website&utm_source=partner-link
0063i000009DWMH,Sizzler - Grants Pass (OR),1871 NE 7th Street,Grants Pass,OR,97526,https://www.doordash.com/store/1417291/?utm_source=partner-link&utm_medium=website&utm_campaign=1417291
0063i000009Ey3G,Fazoli's - Greenwood (IN),1695 Meridian Oaks Dr,Greenwood,IN,46142,https://www.doordash.com/store/wow-bao-greenwood-1526199/en-US
0063i000009FUH0,Sizzler - Stockton (CA),1862 E Hammer Ln,Stockton,CA,95210,https://www.doordash.com/en-CA/store/wow-bao-stockton-1539490
0063i000009DGTA,Renaissance Columbus - Westerville (OH),409 Altair Pkwy,Westerville,OH,43082,https://www.doordash.com/en-CA/store/wow-bao-westerville-1461688/
0063i000009E1Q7,Thai Topaz - San Antonio (TX),2177 NW Military Hwy,San Antonio,TX,78213,https://www.doordash.com/store/1485876/?utm_source=partner-link&utm_medium=website&utm_campaign=1485876
0063i000009DsfM,Uno Pizzeria - Revere (MA),339 Squire Road,Revere,MA,02151,https://www.doordash.com/en-CA/store/wow-bao-revere-1642357/
0063i000009DlDJ,REEF Kitchens - St Paul (MIN21),253 7th St W.,St. Paul,MN,55102,https://doordash.com/store/1558354/?utm_campaign=1558354&utm_medium=website&utm_source=partner-link
0063i000009FGSU,Sweet Onion Catering,11929 124th Avenue NE,Kirkland,WA,98034,https://www.doordash.com/en-CA/store/1559971/?utm_source=partner-link&utm_medium=website&utm_campaign=1559971
0063i000009FUFe,Sizzler - Merced (CA),1334 W Olive Ave,Merced,CA,95348,https://www.doordash.com/en-CA/store/wow-bao-merced-1543978
0063i00000BDOC0,REEF Kitchens - San Antonio (SAT01),11911 Crosswinds Way,San Antonio,TX,78233,https://www.doordash.com/store/1525776/en-US
0063i00000BDOF2,REEF Kitchens - Dallas (DAL10),3100 Dallas Pkwy,Plano,TX,75093,https://www.doordash.com/store/1526211
0063i00000BDOF3,REEF Kitchens - Denver (DEN02),5519 Mississippi Ave,Lakewood,CO,80226,https://doordash.com/store/1562791/?utm_campaign=1562791&utm_medium=website&utm_source=partner-link
0063i00000BDOFq,REEF Kitchens - Denver (DEN11),400 W 48th Ave,Denver,CO,80216,https://doordash.com/store/1562582/?utm_campaign=1562582&utm_medium=website&utm_source=partner-link
0063i000009DfBa,Ruby Tuesday - La Vale (MD),1238 National Hwy,La Vale,MD,21502,https://www.doordash.com/store/wow-bao-la-vale-1413036/
0063i000009DfBd,Ruby Tuesday - Charles Town (WV),701 Willow Spring Drive,Charles Town,WV,25414,https://www.doordash.com/store/wow-bao-charles-town-1412702/
0063i000009DfBe,Ruby Tuesday - Culpeper (VA),755 James Madison Highway,Culpeper,VA,22701,https://www.doordash.com/store/wow-bao-culpeper-1412691/
0063i000009DfBf,Ruby Tuesday - Arnot Mall (NY),3300 Chambers Rd STE 5055,Horseheads,NY,14845,https://www.doordash.com/store/wow-bao-horseheads-1412665/
0063i000009DfBg,Ruby Tuesday - Amsterdam (NY),4917 State Highway 30,Amsterdam,NY,12010,https://www.doordash.com/store/wow-bao-amsterdam-1412515/
0063i000009DfBh,Ruby Tuesday - Middletown (NY),41 Orange Plaza Lane,Middletown,NY,10940,https://www.doordash.com/store/wow-bao-middletown-1466811/
0063i000009DfBi,Ruby Tuesday - Carrier Circle (NY),6405 Yorktown Circle,East Syracuse,NY,13057,https://www.doordash.com/store/wow-bao-east-syracuse-1412651/
0063i000009DfBj,Ruby Tuesday - Waterville (ME),20 Waterville Commons Drive,Waterville,ME,04901,https://www.doordash.com/store/wow-bao-waterville-1412782/
0063i000009DfBk,Ruby Tuesday - Brewer (ME),5 Walton Drive,Brewer,ME,04412,https://www.doordash.com/store/wow-bao-brewer-1412676/
0063i000009DfBl,Ruby Tuesday - Oswego (NY),146 E. Thirteenth Street,Oswego,NY,13126,https://www.doordash.com/store/wow-bao-oswego-1412791/
0063i000009DfBo,Ruby Tuesday - Milford DE (DE),945 N Dupont Blvd,Milford,DE,19963,https://www.doordash.com/store/wow-bao-milford-1413058/
0063i000009DfBp,Ruby Tuesday - Pike Creek (DE),4732 Limestone Rd.,Wilmington,DE,19808,https://www.doordash.com/store/wow-bao-milford-1413058/
0063i000009DfBr,Ruby Tuesday - Cromwell Square (CT),50 Shunpike Road,Cromwell,CT,06416,https://www.doordash.com/store/wow-bao-cromwell-1441115/
0063i000009DfBs,Ruby Tuesday - Meriden Square (CT),470 Lewis Avenue,Meriden,CT,06451,https://www.doordash.com/store/wow-bao-meriden-1438558/
0063i000009DfBt,Ruby Tuesday - Lisbon (CT),"160 River Road, Suite A-200",Lisbon,CT,06351,https://www.doordash.com/store/wow-bao-lisbon-1441212/
0063i000009DfBu,Ruby Tuesday - Wrentham (MA),"1 Premium Outlets Blvd, Suite #800",Wrentham,MA,02093,https://www.doordash.com/store/wow-bao-wrentham-1412504/
0063i000009DfBw,Ruby Tuesday - Berkshire Mall (PA),1665 State Hill Road,Wyomissing,PA,19610,https://www.doordash.com/store/wow-bao-wyomissing-1438543/
0063i000009DfBx,Ruby Tuesday - Indiana (PA),1414 Indian Springs Rd.,Indiana,PA,15701,https://www.doordash.com/store/wow-bao-indiana-1441150/
0063i000009DfBy,Ruby Tuesday - Pottsville Park (PA),312 Pottsville Saint Clair Hwy,Pottsville,PA,17901,https://www.doordash.com/store/wow-bao-pottsville-1441269/
0063i000009DfBz,Ruby Tuesday - Lebanon (PA),1351 Quentin Road,Lebanon,PA,17042,https://www.doordash.com/store/wow-bao-lebanon-1441288/
0063i000009DfC0,Ruby Tuesday - Swatara (PA),3991 Paxton Street,Harrisburg,PA,17111,https://www.doordash.com/store/wow-bao-harrisburg-1441365/
0063i000009DfC1,Ruby Tuesday - Bloomsburg (PA),11 Ricky Ave,Bloomsburg,PA,17815,https://www.doordash.com/store/wow-bao-bloomsburg-1412567/
0063i000009DfC2,Ruby Tuesday - Manor (PA),1294 Millersville Pike,Lancaster,PA,17603,https://www.doordash.com/store/wow-bao-lancaster-1412766/
0063i000009DfC3,Ruby Tuesday - Plymouth Meeting (PA),2053 Chemical Road,Plymouth Meeting,PA,19462,https://www.doordash.com/store/wow-bao-plymouth-meeting-1447960/
0063i000009DfC5,Ruby Tuesday - Elizabeth (NJ),120 International Blvd,Elizabeth,NJ,07201,https://www.doordash.com/store/wow-bao-elizabeth-1447739/
0063i000009DfC6,Ruby Tuesday - Somerset (NJ),250 Davidson Ave.,Somerset,NJ,08873,https://www.doordash.com/store/wow-bao-franklin-township-1450182/en-US
0063i000009DfC7,Ruby Tuesday - Mt. Laurel (NJ),4011 Dearborn Circle,Mt. Laurel,NJ,08054,https://www.doordash.com/store/wow-bao-mount-laurel-township-1441439/
0063i000009DfC8,Ruby Tuesday - Mechanicsville (VA),7425 Bell Creek Road,Mechanicsville,VA,23111,https://www.doordash.com/store/wow-bao-mechanicsville-1412928/
0063i000009DfC9,Ruby Tuesday - Airport Interplex (PA),8680 Bartram Ave,Philadelphia,PA,19153,https://www.doordash.com/store/wow-bao-philadelphia-1413085/en-US
0063i000009DfCA,Ruby Tuesday - Gettysburg (PA),25 Camp Letterman Drive,Gettysburg,PA,17325,https://www.doordash.com/store/wow-bao-gettysburg-1413044/en-US
0063i000009DfCB,Ruby Tuesday - Linthicum (MD),950 International Drive,Linthicum,MD,21090,https://www.doordash.com/store/wow-bao-linthicum-heights-1413067/
0063i000009DfCC,Ruby Tuesday - Shrewsbury (PA),1020 Far Hills Drive,New Freedom,PA,17349,https://www.doordash.com/store/wow-bao-new-freedom-1412521/en-US
0063i000009DfCD,Ruby Tuesday - Frederick Crossing (MD),7385 Guilford Dr,Frederick,MD,21704,https://www.doordash.com/store/wow-bao-frederick-1412642/
0063i000009DfCE,Ruby Tuesday - Hopewell (VA),5107 Oaklawn Blvd.,Hopewell,VA,23860,https://www.doordash.com/store/wow-bao-hopewell-1412490/
0063i000009DfCF,Ruby Tuesday - Elizabeth City (NC),503 Hughes Blvd.,Elizabeth City,NC,27909,https://wowbao.order.online/store/WowBao-1441690/en-US/?hideModal=true&pickup=false
0063i000009DfCG,Ruby Tuesday - Chesapeake - Greenbrier (VA),1412 Greenbrier Pkwy #130,Chesapeake,VA,23320,https://www.doordash.com/store/wow-bao-chesapeake-1447713/en-US
0063i000009DfCH,Ruby Tuesday - Suffolk - Harbour View (VA),6249 College Drive,Suffolk,VA,23435,https://www.doordash.com/store/wow-bao-suffolk-1450158/en-US
0063i000009DfCI,Ruby Tuesday - Tidewater (VA),7725 Tidewater Dr,Norfolk,VA,23505,https://www.doordash.com/store/wow-bao-norfolk-1447826/en-US
0063i000009DfCJ,Ruby Tuesday - Suffolk - Centerbrooke Village (VA),2757 Godwin Blvd.,Suffolk,VA,23434,https://www.doordash.com/store/wow-bao-suffolk-1441479/
0063i000009DQ12,Chipper's Classic Lanes - Greeley (CO),2454 W 8th Ave,Greeley,CO,80631,https://www.doordash.com/store/1464638/en-US/?utm_source=partner-link&utm_medium=website&utm_campaign=1464638
0063i00000BDOAn,REEF Kitchens - Austin (AUS12),2723 S IH 35 Frontage Drive,Austin,TX,78741,https://doordash.com/store/1525690/?utm_campaign=1525690&utm_medium=website&utm_source=partner-link
0063i000009FUEg,Sizzler - Lake Forest (CA),23501 El Toro Rd,Lake Forest,CA,92630,https://www.doordash.com/en-CA/store/wow-bao-lake-forest-1544123
0063i00000BDnDa,Fazoli's - Shawnee (KS),6345 Quivira Road,Shawnee,KS,66216,https://www.doordash.com/store/1712738/?utm_source=partner-link&utm_medium=website&utm_campaign=1712738
0063i00000BDygb,REEF Kitchens - San Francisco (SFO16),1242 35th Ave,Oakland,CA,94601,https://doordash.com/store/1751548/?utm_campaign=1751548&utm_medium=website&utm_source=partner-link
0063i00000BEGzP,Fired Pie - Northern Ave - Phoenix (AZ),1810 W Northern Ave Suite A10,Phoenix,AZ,85021,https://www.doordash.com/en-CA/store/1691031/?utm_source=partner-link&utm_medium=website&utm_campaign=1691031
0063i000009FCsA,Viga Italian Eatery - Clarendon St. (Boston),140 Clarendon Street,Boston,MA,02116,https://www.doordash.com/store/1529934/?utm_source=partner-link&utm_medium=website&utm_campaign=1529934
0063i00000BEGz0,Fired Pie - Gilbert (AZ),2224 E Williams Field Rd,Gilbert,AZ,85285,https://www.doordash.com/en-CA/store/1697022/?utm_source=partner-link&utm_medium=website&utm_campaign=1697022
0063i00000BDrEf,Sizzler - San Diego BMW (CA),4445 Imperial Avenue,San Diego,CA,92113,https://www.doordash.com/store/wow-bao-san-diego-1585430/2101103/en-US/?preview=1
0063i00000BDnBf,"Fazoli's - Austin Bluffs, Colorado Springs (CO)",3607 Austin Bluffs Pkwy,Colorado Springs,CO,80918,https://www.doordash.com/store/1723673/?utm_source=partner-link&utm_medium=website&utm_campaign=1723673
0063i00000BDyeb,REEF Kitchens - Minneapolis (MIN18),1032 3rd Ave NE,Minneapolis,MN,55413,https://doordash.com/store/1715148/?utm_campaign=1715148&utm_medium=website&utm_source=partner-link
0063i000009FUDS,Sizzler - Bakersfield (CA),900 Real Rd,Bakersfield,CA,93309,https://www.doordash.com/store/1544042/?utm_source=partner-link&utm_medium=website&utm_campaign=1544042
0063i00000BEGyq,Fired Pie - University Dr - Tempe (AZ),414 W. University Drive,Tempe,AZ,85281,https://www.doordash.com/en-CA/store/1697011/?utm_source=partner-link&utm_medium=website&utm_campaign=1697011
0063i00000BDnAr,Fazoli's - Louisville (KY),9433 Viking Center Dr,Louisville,KY,40222,https://www.doordash.com/store/1723671/?utm_source=partner-link&utm_medium=website&utm_campaign= \1723671
0063i000009FUGg,Sizzler - Perris (CA),91 W Nuevo Rd,Perris,CA,92571,https://www.doordash.com/store/1544043/?utm_source=partner-link&utm_medium=website&utm_campaign=1544043
0063i00000BDnD1,Fazoli's - Wichita (KS),8520 West Central Avenue,Wichita,KS,67212,https://www.doordash.com/store/1723675/?utm_source=partner-link&utm_medium=website&utm_campaign=1723675
0063i00000BDnD2,Fazoli's - Clarksville (TN),2143 Lowes Drive,Clarksville,TN,37040,https://www.doordash.com/store/1723717/?utm_source=partner-link&utm_medium=website&utm_campaign=1723717
0063i000009FUDT,Sizzler - Bellflower (CA),10153 Artesia Blvd,Bellflower,CA,90706,https://www.doordash.com/store/1543917/?utm_source=partner-link&utm_medium=website&utm_campaign=1543917
0063i000009FUEv,Sizzler - Modesto (CA),3416 Dale Rd,Modesto,CA,95356,https://www.doordash.com/store/1544257/?utm_source=partner-link&utm_medium=website&utm_campaign=1544257
0063i00000BDrFM,Fazoli's - Eau Claire (WI),3730 Gateway Drive,Eau Claire,WI,54701,https://www.doordash.com/en-CA/store/wow-bao-eau-claire-1723685
0063i00000BDyfd,REEF Kitchens - Baltimore (BAL10),6190 Seaforth St,Baltimore,MD,21224,https://doordash.com/store/1558870/?utm_campaign=1558870&utm_medium=website&utm_source=partner-link
0063i00000BDnFi,Fazoli's - Elkhart (IN),1248 Nappanee Street,Elkhart,IN,46514,https://www.doordash.com/en-CA/store/wow-bao-elkhart-1723686
0063i00000BDnDf,Fazoli's - Des Moines (IA),3600 Merle Hay Road,Des Moines,IA,50310,https://www.doordash.com/store/1766189/?utm_source=partner-link&utm_medium=website&utm_campaign=1766189
0063i00000BEQYc,Burrito Gallery - Gate Parkway,5016 Gate Parkway,Jacksonville,FL,32246,https://www.doordash.com/store/1737612/?utm_source=partner-link&utm_medium=website&utm_campaign= \1737612
0063i00000CDqis,REEF Kitchens - Houston (HOU23),5404 Almeda Road,Houston,TX,77004,https://doordash.com/store/1738668/?utm_campaign=1738668&utm_medium=website&utm_source=partner-link
0063i00000BEi4T,REEF Kitchens - Queens (NYC52),35-02 48th Ave,Long Island City,NY,11101,https://doordash.com/store/1628888/?utm_campaign=1628888&utm_medium=website&utm_source=partner-link
0063i00000BEGyg,Fired Pie - Ray Road - Phoenix (AZ),4905 E Ray Road #104,Phoenix,AZ,85044,https://www.doordash.com/en-CA/store/wow-bao-gillette-1528773/?utm_campaign=1640672&utm_medium=website&utm_source=partner-link
0063i00000BF5v2,REEF Kitchens - Dallas (DAL31),1855 N Central Expy,Plano,TX,75074,https://doordash.com/store/1630101/?utm_campaign=1630101&utm_medium=website&utm_source=partner-link
0063i00000BF83V,REEF Kitchens - New York (NYC50),69 Clinton St,New York,NY,10002,https://doordash.com/store/1709361/?utm_campaign=1709361&utm_medium=website&utm_source=partner-link
0063i00000BF83c,REEF Kitchens - Portland (POR13),1130 SW 17th Ave,Portland,OR,97205,https://doordash.com/store/1742612/?utm_campaign=1742612&utm_medium=website&utm_source=partner-link
0063i00000BF83d,REEF Kitchens - Portland (POR16),340 SW Grand Ave,Portland,OR,97204,https://doordash.com/store/1715146/?utm_campaign=1715146&utm_medium=website&utm_source=partner-link
0063i00000BF83e,REEF Kitchens - Portland (POR26),1724 SE Grand Ave,Portland,OR,97214,https://doordash.com/store/1715144/?utm_campaign=1715144&utm_medium=website&utm_source=partner-link
0063i00000BF83h,REEF Kitchens - Austin (AUS06),510 W. Oltorf St,Austin,TX,78704,https://doordash.com/store/1715133/?utm_campaign=1715133&utm_medium=website&utm_source=partner-link
0063i00000BF83i,REEF Kitchens - Austin (AUS08),2623 Jones Rd,Austin,TX,78745,https://doordash.com/store/1690664/?utm_campaign=1690664&utm_medium=website&utm_source=partner-link
0063i00000BF83j,REEF Kitchens - Austin (AUS10),11410 Menchaca Rd,Austin,TX,78748,https://doordash.com/store/1714829/?utm_campaign=1714829&utm_medium=website&utm_source=partner-link
0063i00000BF83k,REEF Kitchens - Chicago (CHI08),135 N Kedzie,Chicago,IL,60612,https://doordash.com/store/1841326
0063i00000BF83n,REEF Kitchens - Miami Beach (MIA53),5225 Collins Ave,Miami Beach,FL,33140,https://doordash.com/store/1751549/?utm_campaign=1751549&utm_medium=website&utm_source=partner-link
0063i00000BF83o,REEF Kitchens - Atlanta (ATL45),1380 Atlantic Dr,Atlanta,GA,30363,https://doordash.com/store/1791943/?utm_campaign=1791943&utm_medium=website&utm_source=partner-link
0063i00000BF83q,REEF Kitchens - Philadelphia (PHI09),1441 N Front Street,Philadelphia,PA,19122,https://doordash.com/store/1628944/?utm_campaign=1628944&utm_medium=website&utm_source=partner-link
0063i00000BF83r,REEF Kitchens - Brooklyn (NYC14),280 Richardson St,Brooklyn,NY,11222,https://doordash.com/store/1629403/?utm_campaign=1629403&utm_medium=website&utm_source=partner-link
0063i00000BF83s,REEF Kitchens - Austin  (AUS15),11410 Century Oaks Terrace,Austin,TX,78758,https://doordash.com/store/1628982/?utm_campaign=1628982&utm_medium=website&utm_source=partner-link
0063i00000BF83t,REEF Kitchens - Seattle (SEA15),2311 2nd Avenue,Seattle,WA,98121,https://doordash.com/store/1683725/?utm_campaign=1683725&utm_medium=website&utm_source=partner-link
0063i00000BF83u,REEF Kitchens - Edgewater (DEN08),6400 W 26th Ave,Edgewater,CO,80214,https://doordash.com/store/1791856/?utm_campaign=1791856&utm_medium=website&utm_source=partner-link
0063i00000CB9uh,Burrito Gallery - Beach,300 Beach Blvd Suite#1,Jacksonville,FL,32250,https://www.doordash.com/store/1748039/?utm_source=partner-link&utm_medium=website&utm_campaign= \ 1748039
0063i00000BF3uP,REEF Kitchens - Chicago (CHI15),1434 W. Fillmore St,Chicago,IL,60607,https://doordash.com/store/1768561/?utm_campaign=1768561&utm_medium=website&utm_source=partner-link
0063i00000CVL03,REEF Kitchens - Seattle (SEA21),2301 8th Ave,Seattle,WA,98121,https://doordash.com/store/1742608/?utm_campaign=1742608&utm_medium=website&utm_source=partner-link
0063i00000CzcVN,REEF Kitchens - Los Angeles (LAX39),1323 5th St,Santa Monica,CA,90401,https://doordash.com/store/1793559/?utm_campaign=1793559&utm_medium=website&utm_source=partner-link
0063i00000Ck5iB,REEF Kitchens - Baltimore (BAL17),1129 Walters Avenue,Baltimore,MD,21239,https://doordash.com/store/1779771/?utm_campaign=1779771&utm_medium=website&utm_source=partner-link
0063i00000CzE0b,Uno Pizzeria - Braintree (MA),250 Granite St,Braintree,MA,02184,https://www.doordash.com/store/1824796/?utm_source=partner-link&utm_medium=website&utm_campaign= \1824796
0063i00000CzE0c,Uno Pizzeria - Providence (RI),1 Providence Place,Providence,RI,02903,https://www.doordash.com/store/1826111/?utm_source=partner-link&utm_medium=website&utm_campaign= \1826111
0063i00000CzE5h,Uno Pizzeria - Dedham (MA),270 Providence Highway,Dedham,MA,02026,https://www.doordash.com/store/1826109/?utm_source=partner-link&utm_medium=website&utm_campaign= \1826109
0063i000005bOKD,REEF Kitchens - Austin (AUS04),"8538 Research Blvd, Box 1",Austin,TX,78757,https://doordash.com/store/1127256/?utm_campaign=1127256&utm_medium=website&utm_source=partner-link
0063i000005bOKc,A la Couch - SF (Potrero),1760 Missouri St,San Francisco,CA,94124,https://www.doordash.com/store/863604/?utm_source=partner-link&utm_medium=website&utm_campaign=863604
0063i000007CWZl,REEF Kitchens - Portland (POR22),7339 NE MLK Blvd,Portland,OR,97211,https://doordash.com/store/1254982/?utm_campaign=1254982&utm_medium=website&utm_source=partner-link
0063i000009C1zG,Sizzler - Los Angeles (CA),2920 Los Feliz Blvd,Los Angeles,CA,90039,https://www.doordash.com/store/1287598/?utm_source=partner-link&utm_medium=website&utm_campaign=1287598
0063i000007CVYr,"Spin - Flatiron, New York (NY)",48 E. 23rd Street,New York,NY,10010,https://www.doordash.com/store/1182914/?utm_source=partner-link&utm_medium=website&utm_campaign=1182914
0063i0000070Vce,Gooey's - Wake Forest (NC),950 Gateway Commons Circle,Wake Forest,NC,27587,https://www.doordash.com/store/1034439/?utm_source=partner-link&utm_medium=website&utm_campaign=1034439
0063i000005bOKI,REEF Kitchens - Minneapolis (MIN01),519 Cedar Ave,Minneapolis,MN,55414,https://doordash.com/store/1127258/?utm_campaign=1127258&utm_medium=website&utm_source=partner-link
0063i000005bOJo,REEF Kitchens - Miami (MIA03),385 NE 79th St,Miami,FL,33138,https://doordash.com/store/762853/?utm_campaign=762853&utm_medium=website&utm_source=partner-link
0063i000005bOLB,Fazoli's - Lexington (KY),2195A Richmond Rd,Lexington,KY,40502,https://www.doordash.com/en-CA/store/wow-bao-lexington-1118557
0063i000007CxKc,REEF Kitchens - Portland (POR25),12975 SW Canyon Rd,Beaverton,OR,97005,https://doordash.com/store/1271965/?utm_campaign=1271965&utm_medium=website&utm_source=partner-link
0063i000009EWXY,REEF Kitchens - Denver (DEN01),2102 Curtis St.,Denver,CO,80205,https://doordash.com/store/1558913/?utm_campaign=1558913&utm_medium=website&utm_source=partner-link
0063i000007BLHY,REEF Kitchens - Austin (AUS05),1502 E. 13th Street,Austin,TX,78702,https://doordash.com/store/1127247/?utm_campaign=1127247&utm_medium=website&utm_source=partner-link
0063i000007CQty,"Espana's Southwest Bar & Grill, Los Banos (CA)",1460 E. Pacheco Blvd.,Los Banos,CA,93635,https://www.doordash.com/store/1304083/en-US/?utm_source=partner-link&utm_medium=website&utm_campaign=1304083
0063i000007B97q,REEF Kitchens - Seattle (SEA06),3435 15th Ave W,Seattle,WA,98119,https://doordash.com/store/1127230/?utm_campaign=1127230&utm_medium=website&utm_source=partner-link
0063i000007BJgc,Sizzler - Meridian (ID),3380 N. Eagle Road,Meridian,ID,83642,https://www.doordash.com/en-CA/store/wow-bao-meridian-1099047
0063i000009C20N,Sizzler - Santa Clara (CA),2855 Augustine Dr,Santa Clara,CA,95054,https://www.doordash.com/store/1287672/?utm_source=partner-link&utm_medium=website&utm_campaign=1287672
0063i000007Av44,Sizzling Platter - Sandy (UT),20 West 9000 South,Sandy,UT,84070,https://www.doordash.com/store/1058075/?utm_source=partner-link&utm_medium=website&utm_campaign=1058075
0063i000007Cm6t,JOES LLC dba Sizzler - Sparks (NV),615 E. Prater Way,Sparks,NV,89431,https://www.doordash.com/en-CA/store/wow-bao-sparks-1209436/
0063i000007BRBc,Sizzling Platter - Pocatello (ID),1000 Pocatello Creek Rd,Pocatello,ID,83201,https://www.doordash.com/store/1091528/?utm_source=partner-link&utm_medium=website&utm_campaign=1091528
0063i000007At3y,REEF Kitchens - Los Angeles (LAX07),11059 Ventura Blvd,Studio City,CA,91604,https://doordash.com/store/1127236/?utm_campaign=1127236&utm_medium=website&utm_source=partner-link
0063i000007BDtz,Ruby Tuesday - Greenbelt (MD),8811 Greenbelt Road,Lanham,MD,20770,https://www.doordash.com/store/wow-bao-lanham-1085962/
0063i000007CcFm,REEF Kitchens - Philadelphia (PHI05),1313-1332 Spring Garden St,Philadelphia,PA,19123,https://doordash.com/store/1507420/?utm_campaign=1507420&utm_medium=website&utm_source=partner-link
0063i000007At4S,REEF Kitchens - Los Angeles (LAX14),3814 S. Figueroa St,Los Angeles,CA,90037,https://doordash.com/store/1127235/?utm_campaign=1127235&utm_medium=website&utm_source=partner-link
0063i000007BRBI,Sizzling Platter - Layton (UT),1171 N Hill Field Rd,Layton,UT,84041,https://www.doordash.com/store/1092372/?utm_source=partner-link&utm_medium=website&utm_campaign=1092372
0063i000007Av4T,Sizzling Platter - Idaho Falls (ID),2380 East 17th Street,Idaho Falls,ID,83404,https://www.doordash.com/store/wow-bao-idaho-falls-1058187/en-US?utm_campaign=1058187&utm_medium=website&utm_source=partner-link
0063i000007BduP,REEF Kitchens - NE Philadelphia (PHI04),300 E Godfrey Ave,Philadelphia,PA,19120,https://doordash.com/store/1127257/?utm_campaign=1127257&utm_medium=website&utm_source=partner-link
0063i000007DC9T,Hotel Indigo - Tuscaloosa (AL),111 Greensboro Ave.,Tuscaloosa,AL,35401,https://www.doordash.com/store/1477054/?utm_source=partner-link&utm_medium=website&utm_campaign=1477054
0063i000009DWM2,Sizzler - Roseburg (OR),1156 N.W. Garden Valley Blvd.,Roseburg,OR,97471,https://www.doordash.com/store/wow-bao-roseburg-1417278/en-US
0063i000009DKos,Chipper's College Lanes - Ft Collins (CO),830 N College Ave,Ft Collins,CO,80524,https://www.doordash.com/store/1464788/en-US/?utm_source=partner-link&utm_medium=website&utm_campaign=1464788
0063i000009CuVu,Sizzler - Carson (CA),20755 S Avalon Blvd,Carson,CA,90746,https://www.doordash.com/store/wow-bao-carson-1372295/en-US?utm_campaign=1372295&utm_medium=website&utm_source=partner-link
0063i000009Cz8P,Pizza Carrello - Gillette (WY),601 S Douglas Hwy,Gillette,WY,82716,https://www.doordash.com/en-CA/store/1528773/?utm_source=partner-link&utm_medium=website&utm_campaign=1528773
0063i000007D964,"Fazoli's - Bloomington, IN",315 S College Mall Rd,Bloomington,IN,47401,https://www.doordash.com/store/wow-bao-bloomington-1256227/en-US
0063i000009EgLD,SushiYaa - Harry Hines Blvd (TX),11422 Harry Hines Blvd STE 210,Dallas,TX,75229,https://www.doordash.com/store/1521549/?utm_source=partner-link&utm_medium=website&utm_campaign=1521549
0063i000009Ec34,Sizzler - Hemet (CA),4762 W. Florida Avenue,Hemet,CA,92545,https://www.doordash.com/store/1486649/?utm_source=partner-link&utm_medium=website&utm_campaign=1486649
0063i000009Ec35,Sizzler - Manteca (CA),1890 Daniels Street,Manteca,CA,95337,https://www.doordash.com/en-CA/store/wow-bao-manteca-1486817
0063i000009Dymq,Fazoli's - Bowling Green (KY),2915 Scottsville Rd,Bowling Green,KY,42104,https://www.doordash.com/store/1367143/?utm_source=partner-link&utm_medium=website&utm_campaign=1367143
0063i000009E2lL,Indulge Bistro and Wine Bar - Golden (CO),1299 Washington Ave,Golden,CO,80401,https://www.doordash.com/store/wow-bao-golden-1479827/en-US?utm_campaign=%201479827&utm_medium=website&utm_source=partner-link
0063i000009CuYG,Sizzler - Van Nuys (CA),7131 Van Nuys Blvd,Van Nuys,CA,91405,https://www.doordash.com/store/1333321/?utm_source=partner-link&utm_medium=website&utm_campaign=1333321
0063i000009CE6y,Sizzler - Sacramento (CA),5815 Madison Ave,Sacramento,CA,95841,https://www.doordash.com/store/1286447/?utm_source=partner-link&utm_medium=website&utm_campaign=1286447
0063i000009EjqL,Sizzler - Fresno (CA),3121 West Shaw,Fresno,CA,93711,https://www.doordash.com/store/1496222/?utm_source=partner-link&utm_medium=website&utm_campaign=1496222
0063i000009CuX6,Sizzler - Pinole (CA),1515 Fitzgerald Dr,Pinole,CA,94564,https://www.doordash.com/store/1333318/?utm_source=partner-link&utm_medium=website&utm_campaign=1333318
0063i000009CtA0,REEF Kitchens - Boston (BOS02),21 A St,Boston,MA,02127,https://doordash.com/store/1628774/?utm_campaign=1628774&utm_medium=website&utm_source=partner-link
0063i000009DMQY,The Manna Truck- Rocky River (OH),20253 Lake Rd,Rocky River,OH,44116,https://www.doordash.com/store/1420461/?utm_source=partner-link&utm_medium=website&utm_campaign=1420461
0063i000009Ejqf,Sizzler - Visalia (CA),2121 W Caldwell,Visalia,CA,93277,https://www.doordash.com/store/1496525/?utm_source=partner-link&utm_medium=website&utm_campaign=1496525
0063i000009FWkV,"Fazoli's - Presidential Pkwy, Atlanta (GA)",3781 Presidential Pkwy,Atlanta,GA,30340,https://www.doordash.com/store/1712239/?utm_source=partner-link&utm_medium=website&utm_campaign=1712239
0063i000009DymI,Fazoli's - Leighway Drive - Richmond (KY),441 Leighway Dr.,Richmond,KY,40475,https://www.doordash.com/store/wow-bao-richmond-1497637/en-US
0063i000009DynZ,Fazoli's - W. Washington - Indianapolis (IN),5202 W. Washington,Indianapolis,IN,46241,https://www.doordash.com/store/wow-bao-indianapolis-1496738/en-US
0063i000009CUgP,REEF Kitchens - Houston (HOU21),1715 Westheimer Rd.,Houston,TX,77098,https://doordash.com/store/1334952/?utm_campaign=1334952&utm_medium=website&utm_source=partner-link
0063i00000BDnBL,Fazoli's - Northglenn (CO),460 E. 120th Ave,Northglenn,CO,80221,https://www.doordash.com/store/1723670/?utm_source=partner-link&utm_medium=website&utm_campaign=1723670
0063i00000BDnBz,"Fazoli's - E. Cheynne Mt. Blvd., Colorado Springs (CO)",1790 E. Cheynne Mt. Blvd.,Colorado Springs,CO,80906,https://www.doordash.com/store/1723677/?utm_source=partner-link&utm_medium=website&utm_campaign=1723677
0063i00000BDnC0,Fazoli's - Omaha (NE),8002 Cass Street,Omaha,NE,68114,https://www.doordash.com/store/1723679/?utm_source=partner-link&utm_medium=website&utm_campaign=1723679
0063i00000BDnF7,Fazoli's - West Allis (WI),10833 West Greenfield Avenue,West Allis,WI,53214,https://www.doordash.com/store/1723684/?utm_source=partner-link&utm_medium=website&utm_campaign=1723684
0063i00000BDMsL,REEF Kitchens - Philadelphia (PHI07),701 Cathedral Rd,Philadelphia,PA,19128,https://www.doordash.com/store/wow-bao-philadelphia-1525730/2062852/en-CA
0063i000009Eigw,Fazoli's - Springfield (OH),2534 E. Main St,Springfield,OH,45503,https://www.doordash.com/store/wow-bao-springfield-1496725/en-US
0063i000009FUGv,Sizzler - Yuba City (CA),872 Onstott Rd,Yuba City,CA,95991,https://www.doordash.com/store/1542824/?utm_source=partner-link&utm_medium=website&utm_campaign=1542824
0063i000009FUEM,Sizzler - Turlock (CA),3101 Hotel Dr,Turlock,CA,95380,https://www.doordash.com/store/1543977/?utm_source=partner-link&utm_medium=website&utm_campaign=1543977
0063i000009FUGM,Sizzler - Banning (CA),1750 W Ramsey St,Banning,CA,92220,https://www.doordash.com/store/1539467/?utm_source=partner-link&utm_medium=website&utm_campaign=1539467
0063i000009FUGW,Sizzler - Hesperia (CA),16988 Main St,Hesperia,CA,92345,https://www.doordash.com/store/1529897/?utm_source=partner-link&utm_medium=website&utm_campaign=1529897
0063i000009Dynt,Fazoli's - Carbondale (IL),1120 E. Main St,Carbondale,IL,62901,https://www.doordash.com/store/wow-bao-carbondale-1496591/en-US
0063i000009Dyvp,Fazoli's - Kalamazoo (MI),4615 Main Street,Kalamazoo,MI,49008,https://www.doordash.com/store/wow-bao-kalamazoo-1497688/en-US
0063i00000BDqd2,The Great American Pub - Las Vegas (NV),9310 South Eastern Avenue,Las Vegas,NV,89123,https://www.doordash.com/store/1861545/?utm_source=partner-link&utm_medium=website&utm_campaign= \1737602
0063i000009Ey31,Fazoli's - Columbus (IN),3041 National Rd.,Columbus,IN,47201,https://www.doordash.com/store/wow-bao-columbus-1526121/en-US
0063i000009CuWr,Sizzler - Hayward (CA),24107 Hesperian Blvd,Hayward,CA,94545,https://www.doordash.com/store/1333282/?utm_source=partner-link&utm_medium=website&utm_campaign=1333282
0063i000009FUHA,"Sizzler - Advantage Way, Sacramento (CA)",2901 Advantage Way,Sacramento,CA,95834,https://www.doordash.com/store/1543992/?utm_source=partner-link&utm_medium=website&utm_campaign=1543992
0063i000009Ec2a,Sizzler - Moreno Valley (CA),25035 Sunnymead Boulevard,Moreno Valley,CA,92553,https://www.doordash.com/store/1482355/?utm_source=partner-link&utm_medium=website&utm_campaign=1482355
0063i000009EqX7,Fazoli's - Chattanooga (TN),2332 Shallowford Village Drive,Chattanooga,TN,37421,https://www.doordash.com/store/1897480/?utm_source=partner-link&utm_medium=website&utm_campaign= \1897480
0063i000009Dyne,Fazoli's - Cape Girardeau (MO),5 S. Kingshighway,Cape Girardeau,MO,63701,https://www.doordash.com/store/wow-bao-cape-girardeau-1496633/en-US
0063i000009DzfK,Sizzler - Chatsworth (CA),20557 Devonshire Street,Chatsworth,CA,91311,https://www.doordash.com/store/1461919/?utm_source=partner-link&utm_medium=website&utm_campaign=1461919
0063i000009DQ1C,Chipper's Broomfield Lanes - Broomfield (CO),100 Nickel Street,Broomfield,CO,80020,https://www.doordash.com/store/1464811/en-US/?utm_source=partner-link&utm_medium=website&utm_campaign=1464811
0063i000009DyvN,Fazoli's - Muskegon (MI),1780 E Sherman Blvd,Muskegon,MI,49444,https://www.doordash.com/store/1497424/?utm_source=partner-link&utm_medium=website&utm_campaign=1497424
0063i000009Et1Q,Fired Pie - Camelback Rd - Scottsdale (AZ),7014 E Camelback Road,Scottsdale,AZ,85251,https://www.doordash.com/store/wow-bao-scottsdale-1547628/en-US?utm_campaign=1547628&utm_medium=website&utm_source=partner-link
0063i00000BDnET,Fazoli's - St. Charles (MO),1698 Country Club Plaza Dr,St. Charles,MO,63303,https://www.doordash.com/store/1723680/?utm_source=partner-link&utm_medium=website&utm_campaign=1723680
0063i000009FUGq,Sizzler - Murrieta (CA),40489 Murrieta Hot Springs Rd,Murrieta,CA,92563,https://www.doordash.com/store/1543903/?utm_source=partner-link&utm_medium=website&utm_campaign=1543903
0063i000009Ejqz,Sizzler - Springfield (OR),1010 Postal Way AKA Gateway,Springfield,OR,97477,https://www.doordash.com/store/1496312/?utm_source=partner-link&utm_medium=website&utm_campaign=1496312
0063i000009EjrE,Sizzler - Albany (OR),2148 Santiam Highway,Albany,OR,97322,https://www.doordash.com/store/1496414/?utm_source=partner-link&utm_medium=website&utm_campaign=1496414
0063i00000BDrFC,Fazoli's - Onalaska (WI),9370 Hwy 16,Onalaska,WI,54650,https://www.doordash.com/store/1723681/?utm_source=partner-link&utm_medium=website&utm_campaign=1723681
0063i00000BDMfb,REEF Kitchens - Miami (MIA36),798 NW 62 St,Miami,FL,33150,https://doordash.com/store/1534113/?utm_campaign=1534113&utm_medium=website&utm_source=partner-link
0063i000009FBB1,REEF Kitchens - Brooklyn (NYC05),758 Humboldt St,Brooklyn,NY,11222,https://doordash.com/store/1507654/?utm_campaign=1507654&utm_medium=website&utm_source=partner-link
0063i00000BERFw,Fazoli's - Jenison (MI),570 Baldwin St,Jenison,MI,49428,https://www.doordash.com/store/1656876/?utm_source=partner-link&utm_medium=website&utm_campaign= 1656876
0063i00000BDdfJ,Franktuary - Pittsburgh (PA),3810 Butler Street,Pittsburgh,PA,15201,https://www.doordash.com/store/1697027/?utm_source=partner-link&utm_medium=website&utm_campaign=1697027
0063i00000BDMrP,REEF Kitchens - Miami (MIA34),1420 NW 13th Ter.,Cape Coral,FL,33993,https://doordash.com/store/1562715/?utm_campaign=1562715&utm_medium=website&utm_source=partner-link
0063i00000BDyfO,REEF Kitchens - Minneapolis (MIN16),1717 Central Ave NE,Minneapolis,MN,55413,https://doordash.com/store/1559029/?utm_campaign=1559029&utm_medium=website&utm_source=partner-link
0063i00000BDg77,REEF Kitchens - Austin (AUS18),500 E 51st St,Austin,TX,78751,https://www.doordash.com/store/1525823/en-US
0063i00000BDg78,REEF Kitchens - Philadelphia (PHI10),2329 Cottman Avenue,Philadelphia,PA,19149,https://doordash.com/store/1629165/?utm_campaign=1629165&utm_medium=website&utm_source=partner-link
0063i00000BDO4k,American Pie Pizza,6529 Nicollet Avenue South,Richfield,MN,55423,https://www.doordash.com/store/1751931/?utm_source=partner-link&utm_medium=website&utm_campaign= \ 1751931
0063i00000BDQyS,Obed & Isaac's Microbrewery and Eatery - Peoria (IL),321 NE Madison Ave,Peoria,IL,61603,https://www.doordash.com/en-CA/store/wow-bao-peoria-1697028
0063i00000CDRmI,REEF Kitchens - Miami (MIA35),4220 NW 2 Ave,Miami,FL,33127,https://doordash.com/store/1566777/?utm_campaign=1566777&utm_medium=website&utm_source=partner-link
0063i00000CDqfU,REEF Kitchens - Houston (HOU12),12520 Westheimer Rd,Houston,TX,77077,https://doordash.com/store/1763744/?utm_campaign=1763744&utm_medium=website&utm_source=partner-link
0063i00000CDqfW,REEF Kitchens - Houston (HOU24),8383 Westheimer Rd,Houston,TX,77063,https://doordash.com/store/1127229/?utm_campaign=1127229&utm_medium=website&utm_source=partner-link
0063i00000BERHB,Fazoli's - Muncie (IN),307 E McGalliard Rd,Muncie,IN,47303,https://www.doordash.com/en-CA/store/wow-bao-muncie-1656289
0063i00000CDq9H,REEF Kitchens - Austin (AUS16),2901 S Capital of Texas Hwy,Austin,TX,78746,https://doordash.com/store/1714837/?utm_campaign=1714837&utm_medium=website&utm_source=partner-link
0063i00000CHXdR,Fazoli's - Stevens Point (WI),5665 US-10 East,Stevens Point,WI,54481,https://www.doordash.com/store/1765346/?utm_source=partner-link&utm_medium=website&utm_campaign=1765346
0063i00000BF5uT,REEF Kitchens - Dallas (DAL27),900 W Parker,Plano,TX,75075,https://doordash.com/store/1630124/?utm_campaign=1630124&utm_medium=website&utm_source=partner-link
0063i00000CAD5s,REEF Kitchens - Washington DC (WAS16),631 P St NW,Washington,DC,20001,https://doordash.com/store/1628912/?utm_campaign=1628912&utm_medium=website&utm_source=partner-link
0063i00000CDqrM,REEF Kitchens - Chicago (CHI09),2504 W Warren Blvd,Chicago,IL,60612,https://www.doordash.com/store/wow-bao-chicago-1526320/
0063i00000CBAdK,Burrito Gallery - Brooklyn,90 Riverside Ave #601,Jacksonville,FL,32202,https://www.doordash.com/store/1747471/?utm_source=partner-link&utm_medium=website&utm_campaign= \1747471
0063i00000CVKgE,REEF Kitchens - Seattle (SEA20),802 Pine St,Seattle,WA,98101,https://doordash.com/store/1751547/?utm_campaign=1751547&utm_medium=website&utm_source=partner-link
0063i00000CzEG2,Uno Pizzeria - Framingham (MA),70 Worcester Rd,Framingham,MA,01702,https://www.doordash.com/store/1826116/?utm_source=partner-link&utm_medium=website&utm_campaign= \1826116
0063i00000Ck3tr,REEF Kitchens - Denver (DEN14),3899 Jackson St,Denver,CO,80205,https://doordash.com/store/1783095/?utm_campaign=1783095&utm_medium=website&utm_source=partner-link
0063i00000CznRQ,REEF Kitchens - Baltimore (BAL18),6630 Tramore Road,Baltimore,MD,21214,https://doordash.com/store/1751541/?utm_campaign=1751541&utm_medium=website&utm_source=partner-link
0063i00000CznRS,REEF Kitchens - Chicago (CHI30),3600 N Western Ave,Chicago,IL,60618,https://doordash.com/store/1791351/?utm_campaign=1791351&utm_medium=website&utm_source=partner-link
0063i00000CznRZ,REEF Kitchens - Baltimore (BAL29),3901 Falls Rd,Baltimore,MD,21211,https://www.doordash.com/store/wow-bao-baltimore-1783132/
0063i00000CznRi,REEF Kitchens - Houston (HOU34),1727 Westheimer Rd,Houston,TX,77098,https://doordash.com/store/1791330/?utm_campaign=1791330&utm_medium=website&utm_source=partner-link
0063i00000CznRo,REEF Kitchens - Orlando (ORL01),170 E Washington St,Orlando,FL,32801,https://doordash.com/store/1714836/?utm_campaign=1714836&utm_medium=website&utm_source=partner-link
0063i00000CznRq,REEF Kitchens - San Antonio (SAT02),14732 Bulverde Rd,San Antonio,TX,78247,https://doordash.com/store/1629294/?utm_campaign=1629294&utm_medium=website&utm_source=partner-link
0063i00000CznRr,REEF Kitchens - Oakland (SFO44),1020 22nd Ave.,Oakland,CA,94606,https://doordash.com/store/1783099/?utm_campaign=1783099&utm_medium=website&utm_source=partner-link
0063i00000DMpSq,Reef Kitchens - Miami (MIA76),1341 NW 22nd St,Miami,FL,33142,https://doordash.com/store/1791350/?utm_campaign=1791350&utm_medium=website&utm_source=partner-link
0063i00000D87nn,REEF Kitchens - San Antonio (SAT07),314 Nolan Street,San Antonio,TX,78202,https://doordash.com/store/1791310/?utm_campaign=1791310&utm_medium=website&utm_source=partner-link
0063i000009DJg1,Mezcal - Denver (CO),3230 East Colfax Ave,Denver,CO,80206,https://www.doordash.com/store/wow-bao-denver-1464837/en-US?utm_campaign=1464837&utm_medium=website&utm_source=partner-link
0063i000005bOK3,REEF Kitchens - Portland (POR06),"2715 SE 8th Ave, Box 1",Portland,OR,97202,https://doordash.com/store/1127261/?utm_campaign=1127261&utm_medium=website&utm_source=partner-link
0063i000009CVIa,Baked Cravings - St. Marks Place (NY),102 St Marks Pl,New York,NY,10019,https://www.doordash.com/store/1789977/?utm_source=partner-link&utm_medium=website&utm_campaign= \1789977
0063i000005bOLL,Shaw's - Schaumburg,1900 E Higgins Rd,Schaumburg,IL,60173,https://www.doordash.com/store/wow-bao-schaumburg-849184/en-US
0063i000005bdDl,REEF Kitchens - Portland (POR01),321 SW 2nd Ave,Portland,OR,97204,https://doordash.com/store/1127242/?utm_campaign=1127242&utm_medium=website&utm_source=partner-link
0063i0000074Nj5,Sizzling Platter - Provo (UT),1385 S University Avenue,Provo,UT,84601,https://www.doordash.com/store/1029861/?utm_source=partner-link&utm_medium=website&utm_campaign=1029861
0063i000005bdDg,REEF Kitchens - Austin (AUS07),2714 E Cesar Chavez St,Austin,TX,78702,https://doordash.com/store/1127241/?utm_campaign=1127241&utm_medium=website&utm_source=partner-link
0063i000007CxDU,REEF Kitchens - Atlanta (ATL02),567 Courtland Street NE,Atlanta,GA,30308,https://doordash.com/store/1220952/?utm_campaign=1220952&utm_medium=website&utm_source=partner-link
0063i000005cDj2,A la Couch - SF (Russian Hill),2127 Polk St,San Francisco,CA,94109,https://www.doordash.com/store/939108/?utm_source=partner-link&utm_medium=website&utm_campaign=939108
0063i000005dAzr,A la Couch - LA,"1570 S Western Ave, Suite 106",Los Angeles,CA,90006,https://www.doordash.com/store/960159/?utm_source=partner-link&utm_medium=website&utm_campaign=960159
0063i000007CyXu,REEF Kitchens - Austin (AUS14),7814 S. 1st Street,Austin,TX,78745,https://doordash.com/store/1203564/?utm_campaign=1203564&utm_medium=website&utm_source=partner-link
0063i000007CTat,Baked Cravings - East Harlem (NY),1673 Lexington Ave,New York,NY,10029,https://www.doordash.com/store/1173738/?utm_source=partner-link&utm_medium=website&utm_campaign=1173738
0063i000009BVh0,Caffe Connection - Spring Hill (FL),4196 Mariner Blvd,Spring Hill,FL,34609,https://www.doordash.com/store/1333892/?utm_source=partner-link&utm_medium=website&utm_campaign=1333892
0063i00000BDO9U,REEF Kitchens - Philadelphia (PHI12),2703 S 3rd Street,Philadelphia,PA,19148,https://doordash.com/store/1629014/?utm_campaign=1629014&utm_medium=website&utm_source=partner-link
0063i000007Bdwl,REEF Kitchens - Seattle (SEA12),825 NE Northgate Way,Seattle,WA,98125,https://doordash.com/store/1127239/?utm_campaign=1127239&utm_medium=website&utm_source=partner-link
0063i000009CuWI,"Sizzler - Manchester Ave - Airport (Los Angeles, CA)",5856 W  Manchester Ave,Los Angeles,CA,90045,https://www.doordash.com/store/1333162/?utm_source=partner-link&utm_medium=website&utm_campaign=1333162
0063i000009CuXw,Sizzler - Palmdale (CA),853 W Palmdale Blvd,Palmdale,CA,93551,https://www.doordash.com/en-CA/store/wow-bao-palmdale-1333337/
0063i000009CvUM,Catering Creations - Omaha (NE),1915 Jackson St.,Omaha,NE,68102,https://www.doordash.com/store/1484279/?utm_source=partner-link&utm_medium=website&utm_campaign=1484279
0063i000009CpkB,"Fazoli's - 82nd St, Indianapolis (IN)",6450 E 82nd St,Indianapolis,IN,46250,https://www.doordash.com/store/1362020/en-US/?utm_source=partner-link&utm_medium=website&utm_campaign=1362020
